<?xml version = '1.0' encoding = 'UTF-8'?>
<FKIndexAssociation class="oracle.dbtools.crest.model.design.relational.FKIndexAssociation" directorySegmentName="seg_0" id="32BE7B33-34C7-05D3-0E19-3BB5B4129702" containerWithKeyObject="0B75B53A-D21C-335C-A630-DFAF6AA12119" localFKIndex="B384171E-4682-0600-5141-DEAD219CF924" name="Classificacao_Sinal_FK">
<createdBy>Gabriel</createdBy>
<createdTime>2023-11-17 01:57:41 UTC</createdTime>
<generatorID>73B80271-7E68-77F0-EA3C-B679EDE0FF2F</generatorID>
<ownerDesignName>modelo_logico_gs</ownerDesignName>
<referredTableLongName>Sinal</referredTableLongName>
<deleteRule>NO ACTION</deleteRule>
<referredTableID>8782DD4B-C718-DF48-D8C4-70A1D1401484</referredTableID>
<keyObject>F7852D8A-1E20-FBDD-3DF6-FDCF256A43CF</keyObject>
<referredKeyID>F7852D8A-1E20-FBDD-3DF6-FDCF256A43CF</referredKeyID>
<mandatory>true</mandatory>
<refColNames>id_sinal</refColNames>
<transferable>true</transferable>
<rely>false</rely>
<columnDependencyConstraintGenerateInDDL>true</columnDependencyConstraintGenerateInDDL>
</FKIndexAssociation>