<?xml version = '1.0' encoding = 'UTF-8'?>
<FKIndexAssociation class="oracle.dbtools.crest.model.design.relational.FKIndexAssociation" directorySegmentName="seg_0" id="4B1CBE09-062A-23F6-9318-DF8583D59F55" containerWithKeyObject="0B75B53A-D21C-335C-A630-DFAF6AA12119" localFKIndex="A24E32EB-13DB-BFE5-526E-77E581736C57" name="Classificacao_Auditor_FK">
<createdBy>Gabriel</createdBy>
<createdTime>2023-11-17 01:57:41 UTC</createdTime>
<generatorID>6E4DE19E-C7D3-89AC-4DBC-23753F7130B3</generatorID>
<ownerDesignName>modelo_logico_gs</ownerDesignName>
<referredTableLongName>Auditor</referredTableLongName>
<deleteRule>NO ACTION</deleteRule>
<referredTableID>B1049B60-5D17-010D-1688-A379D2A7788D</referredTableID>
<keyObject>BE6A1202-1C3A-3D0E-06B8-23A4574354C5</keyObject>
<referredKeyID>BE6A1202-1C3A-3D0E-06B8-23A4574354C5</referredKeyID>
<mandatory>true</mandatory>
<refColNames>id_auditor</refColNames>
<transferable>true</transferable>
<rely>false</rely>
<columnDependencyConstraintGenerateInDDL>true</columnDependencyConstraintGenerateInDDL>
</FKIndexAssociation>