<?xml version = '1.0' encoding = 'UTF-8'?>
<Entity class="oracle.dbtools.crest.model.design.logical.Entity" directorySegmentName="seg_0" id="3F889EE7-D794-5EE1-9120-E4FA786F567C" name="Auditor">
<createdBy>Gabriel</createdBy>
<createdTime>2023-11-17 00:42:51 UTC</createdTime>
<ownerDesignName>modelo_logico_gs</ownerDesignName>
<engineerTo>
<item key="30ED6CE5-D0BD-509F-35A2-82CEAB72FE35" value="true"/>
</engineerTo>
<adequatelyNormalized>NO</adequatelyNormalized>
<expectedVolumes>0</expectedVolumes>
<fwdEngineeringStrategyName>Single Table</fwdEngineeringStrategyName>
<growthPercent>0</growthPercent>
<growthType>Year</growthType>
<maxVolumes>9999999</maxVolumes>
<minVolumes>0</minVolumes>
<normalForm>Third</normalForm>
<attributes itemClass="oracle.dbtools.crest.model.design.logical.Attribute">
<Attribute name="id_auditor" id="28DCFF26-38F7-0F86-A609-B4C731F7BA7B">
<createdBy>Gabriel</createdBy>
<createdTime>2023-11-17 01:38:22 UTC</createdTime>
<ownerDesignName>modelo_logico_gs</ownerDesignName>
<engineerTo>
<item key="30ED6CE5-D0BD-509F-35A2-82CEAB72FE35" value="true"/>
</engineerTo>
<useDomainConstraints>false</useDomainConstraints>
<use>1</use>
<logicalDatatype>LOGDT011</logicalDatatype>
<ownDataTypeParameters>,,</ownDataTypeParameters>
</Attribute>
<Attribute name="nome" id="43CEC1D8-1EED-FB99-0815-A3A88841F450">
<createdBy>Gabriel</createdBy>
<createdTime>2023-11-17 01:45:33 UTC</createdTime>
<ownerDesignName>modelo_logico_gs</ownerDesignName>
<engineerTo>
<item key="30ED6CE5-D0BD-509F-35A2-82CEAB72FE35" value="true"/>
</engineerTo>
<useDomainConstraints>false</useDomainConstraints>
<use>1</use>
<logicalDatatype>LOGDT024</logicalDatatype>
<dataTypeSize>50 CHAR</dataTypeSize>
<ownDataTypeParameters>50 CHAR,,</ownDataTypeParameters>
</Attribute>
<Attribute name="email" id="F28F6DB1-E3A8-0CE9-1D45-D219CC18212B">
<createdBy>augus</createdBy>
<createdTime>2023-11-22 11:08:00 UTC</createdTime>
<ownerDesignName>modelo_logico_gs</ownerDesignName>
<engineerTo>
<item key="30ED6CE5-D0BD-509F-35A2-82CEAB72FE35" value="true"/>
</engineerTo>
<useDomainConstraints>false</useDomainConstraints>
<use>1</use>
<logicalDatatype>LOGDT024</logicalDatatype>
<dataTypeSize>50 CHAR</dataTypeSize>
<ownDataTypeParameters>50 CHAR,,</ownDataTypeParameters>
</Attribute>
<Attribute name="senha" id="093F8937-D6EC-5CBC-B05D-0252A025ACDB">
<createdBy>augus</createdBy>
<createdTime>2023-11-22 11:08:09 UTC</createdTime>
<ownerDesignName>modelo_logico_gs</ownerDesignName>
<engineerTo>
<item key="30ED6CE5-D0BD-509F-35A2-82CEAB72FE35" value="true"/>
</engineerTo>
<useDomainConstraints>false</useDomainConstraints>
<use>1</use>
<logicalDatatype>LOGDT024</logicalDatatype>
<dataTypeSize>50 CHAR</dataTypeSize>
<ownDataTypeParameters>50 CHAR,,</ownDataTypeParameters>
</Attribute>
<Attribute name="cpf" id="6B00D0E0-726A-7AFE-E767-FED0AB6CCF78">
<createdBy>Gabriel</createdBy>
<createdTime>2023-11-17 01:45:45 UTC</createdTime>
<ownerDesignName>modelo_logico_gs</ownerDesignName>
<engineerTo>
<item key="30ED6CE5-D0BD-509F-35A2-82CEAB72FE35" value="true"/>
</engineerTo>
<nullsAllowed>true</nullsAllowed>
<useDomainConstraints>false</useDomainConstraints>
<use>1</use>
<logicalDatatype>LOGDT024</logicalDatatype>
<dataTypeSize>11 CHAR</dataTypeSize>
<ownDataTypeParameters>11 CHAR,,</ownDataTypeParameters>
</Attribute>
<Attribute name="crm" id="016D138C-6513-2E3B-76A7-5AA1AC60BDB6">
<createdBy>Gabriel</createdBy>
<createdTime>2023-11-17 01:48:34 UTC</createdTime>
<ownerDesignName>modelo_logico_gs</ownerDesignName>
<engineerTo>
<item key="30ED6CE5-D0BD-509F-35A2-82CEAB72FE35" value="true"/>
</engineerTo>
<nullsAllowed>true</nullsAllowed>
<useDomainConstraints>false</useDomainConstraints>
<use>1</use>
<logicalDatatype>LOGDT024</logicalDatatype>
<dataTypeSize>20 CHAR</dataTypeSize>
<ownDataTypeParameters>20 CHAR,,</ownDataTypeParameters>
</Attribute>
<Attribute name="coren" id="53415191-3154-E2CE-ED14-0735003B5198">
<createdBy>Gabriel</createdBy>
<createdTime>2023-11-17 01:48:48 UTC</createdTime>
<ownerDesignName>modelo_logico_gs</ownerDesignName>
<engineerTo>
<item key="30ED6CE5-D0BD-509F-35A2-82CEAB72FE35" value="true"/>
</engineerTo>
<nullsAllowed>true</nullsAllowed>
<useDomainConstraints>false</useDomainConstraints>
<use>1</use>
<logicalDatatype>LOGDT024</logicalDatatype>
<dataTypeSize>20 CHAR</dataTypeSize>
<ownDataTypeParameters>20 CHAR,,</ownDataTypeParameters>
</Attribute>
<Attribute name="especialidade" id="BC10CDB3-80BF-5E37-B50C-FEEBDBD55349">
<createdBy>Gabriel</createdBy>
<createdTime>2023-11-17 01:50:00 UTC</createdTime>
<ownerDesignName>modelo_logico_gs</ownerDesignName>
<engineerTo>
<item key="30ED6CE5-D0BD-509F-35A2-82CEAB72FE35" value="true"/>
</engineerTo>
<nullsAllowed>true</nullsAllowed>
<useDomainConstraints>false</useDomainConstraints>
<use>1</use>
<logicalDatatype>LOGDT024</logicalDatatype>
<dataTypeSize>50 CHAR</dataTypeSize>
<ownDataTypeParameters>50 CHAR,,</ownDataTypeParameters>
</Attribute>
</attributes>
<identifiers itemClass="oracle.dbtools.crest.model.design.logical.CandidateKey">
<identifier id="E9D18414-9E6C-9A2C-EDDA-7137CFDE285A" name="Auditor PK">
<createdBy>Gabriel</createdBy>
<createdTime>2023-11-17 01:38:29 UTC</createdTime>
<ownerDesignName>modelo_logico_gs</ownerDesignName>
<shouldEngineer>false</shouldEngineer>
<engineerTo>
<item key="30ED6CE5-D0BD-509F-35A2-82CEAB72FE35" value="false"/>
</engineerTo>
<pk>true</pk>
<usedAttributes>
<attributeRef>28DCFF26-38F7-0F86-A609-B4C731F7BA7B</attributeRef>
</usedAttributes>
</identifier>
</identifiers>
</Entity>
