<?xml version = '1.0' encoding = 'UTF-8'?>
<Entity class="oracle.dbtools.crest.model.design.logical.Entity" directorySegmentName="seg_0" id="5771980A-E939-1F81-286B-987C0F20F6CE" name="Classificacao">
<createdBy>Gabriel</createdBy>
<createdTime>2023-11-17 00:47:16 UTC</createdTime>
<ownerDesignName>modelo_logico_gs</ownerDesignName>
<engineerTo>
<item key="30ED6CE5-D0BD-509F-35A2-82CEAB72FE35" value="true"/>
</engineerTo>
<adequatelyNormalized>NO</adequatelyNormalized>
<expectedVolumes>0</expectedVolumes>
<fwdEngineeringStrategyName>Single Table</fwdEngineeringStrategyName>
<growthPercent>0</growthPercent>
<growthType>Year</growthType>
<maxVolumes>9999999</maxVolumes>
<minVolumes>0</minVolumes>
<normalForm>Third</normalForm>
<attributes itemClass="oracle.dbtools.crest.model.design.logical.Attribute">
<Attribute name="id_classificacao" id="29DA9F7A-61EA-1E58-9C58-A843263BBBB1">
<createdBy>Gabriel</createdBy>
<createdTime>2023-11-17 01:34:47 UTC</createdTime>
<ownerDesignName>modelo_logico_gs</ownerDesignName>
<engineerTo>
<item key="30ED6CE5-D0BD-509F-35A2-82CEAB72FE35" value="true"/>
</engineerTo>
<useDomainConstraints>false</useDomainConstraints>
<use>1</use>
<logicalDatatype>LOGDT011</logicalDatatype>
<ownDataTypeParameters>,,</ownDataTypeParameters>
</Attribute>
<Attribute name="data_hora_classificacao" id="D49AF250-4ADD-BAE6-317A-E2312098C07C">
<createdBy>Gabriel</createdBy>
<createdTime>2023-11-17 01:36:13 UTC</createdTime>
<ownerDesignName>modelo_logico_gs</ownerDesignName>
<engineerTo>
<item key="30ED6CE5-D0BD-509F-35A2-82CEAB72FE35" value="true"/>
</engineerTo>
<useDomainConstraints>false</useDomainConstraints>
<use>1</use>
<logicalDatatype>LOGDT008</logicalDatatype>
<ownDataTypeParameters>,,</ownDataTypeParameters>
</Attribute>
<Attribute name="id_gravidade" id="2725D209-3A9B-FB7B-C874-14CE6ECE90EC">
<createdBy>Gabriel</createdBy>
<createdTime>2023-11-17 01:56:58 UTC</createdTime>
<generatorID>DAE79C8B-AEB9-EED6-59B6-F5755AA40D13</generatorID>
<ownerDesignName>modelo_logico_gs</ownerDesignName>
<engineerTo>
<item key="30ED6CE5-D0BD-509F-35A2-82CEAB72FE35" value="true"/>
</engineerTo>
<referedAttribute>A844091F-4B57-2165-2460-0EB39FAF829C</referedAttribute>
<useDomainConstraints>false</useDomainConstraints>
<use>1</use>
<logicalDatatype>LOGDT011</logicalDatatype>
<ownDataTypeParameters>,,</ownDataTypeParameters>
</Attribute>
<Attribute name="id_sinal" id="CAD560BC-C8FE-E6F4-87B0-FC831207424D">
<createdBy>Gabriel</createdBy>
<createdTime>2023-11-17 01:57:19 UTC</createdTime>
<generatorID>73B80271-7E68-77F0-EA3C-B679EDE0FF2F</generatorID>
<ownerDesignName>modelo_logico_gs</ownerDesignName>
<engineerTo>
<item key="30ED6CE5-D0BD-509F-35A2-82CEAB72FE35" value="true"/>
</engineerTo>
<referedAttribute>5246A30E-C9F3-F1B7-0C9F-69D561811752</referedAttribute>
<useDomainConstraints>false</useDomainConstraints>
<use>1</use>
<logicalDatatype>LOGDT011</logicalDatatype>
<ownDataTypeParameters>,,</ownDataTypeParameters>
</Attribute>
<Attribute name="id_auditor" id="4E1CADB4-B974-C30A-58AE-01893AE06E3C">
<createdBy>Gabriel</createdBy>
<createdTime>2023-11-17 01:57:35 UTC</createdTime>
<generatorID>6E4DE19E-C7D3-89AC-4DBC-23753F7130B3</generatorID>
<ownerDesignName>modelo_logico_gs</ownerDesignName>
<engineerTo>
<item key="30ED6CE5-D0BD-509F-35A2-82CEAB72FE35" value="true"/>
</engineerTo>
<referedAttribute>28DCFF26-38F7-0F86-A609-B4C731F7BA7B</referedAttribute>
<useDomainConstraints>false</useDomainConstraints>
<use>1</use>
<logicalDatatype>LOGDT011</logicalDatatype>
<ownDataTypeParameters>,,</ownDataTypeParameters>
</Attribute>
<Attribute name="id_paciente" id="77B52AF2-3DFF-862B-326D-E8E6BB4B1144">
<createdBy>logonrmlocal</createdBy>
<createdTime>2023-11-18 00:25:05 UTC</createdTime>
<generatorID>857B328F-8ABA-A565-316E-337E0747A03B</generatorID>
<ownerDesignName>modelo_logico_gs</ownerDesignName>
<engineerTo>
<item key="30ED6CE5-D0BD-509F-35A2-82CEAB72FE35" value="true"/>
</engineerTo>
<referedAttribute>8498FC00-BEB6-FD4B-D728-52AE801D10EF</referedAttribute>
<useDomainConstraints>false</useDomainConstraints>
<use>1</use>
<logicalDatatype>LOGDT011</logicalDatatype>
<ownDataTypeParameters>,,</ownDataTypeParameters>
</Attribute>
</attributes>
<identifiers itemClass="oracle.dbtools.crest.model.design.logical.CandidateKey">
<identifier id="045F7DC0-0288-CE8D-11F3-42A7ABA930C7" name="Classificacao_risco PK">
<createdBy>Gabriel</createdBy>
<createdTime>2023-11-17 01:35:21 UTC</createdTime>
<ownerDesignName>modelo_logico_gs</ownerDesignName>
<shouldEngineer>false</shouldEngineer>
<engineerTo>
<item key="30ED6CE5-D0BD-509F-35A2-82CEAB72FE35" value="false"/>
</engineerTo>
<pk>true</pk>
<usedAttributes>
<attributeRef>29DA9F7A-61EA-1E58-9C58-A843263BBBB1</attributeRef>
</usedAttributes>
</identifier>
</identifiers>
</Entity>
