<?xml version = '1.0' encoding = 'UTF-8'?>
<Entity class="oracle.dbtools.crest.model.design.logical.Entity" directorySegmentName="seg_0" id="9646C191-09F4-BEDE-330B-9DC9F5004008" name="Sinal">
<createdBy>Gabriel</createdBy>
<createdTime>2023-11-17 00:48:14 UTC</createdTime>
<ownerDesignName>modelo_logico_gs</ownerDesignName>
<engineerTo>
<item key="30ED6CE5-D0BD-509F-35A2-82CEAB72FE35" value="true"/>
</engineerTo>
<adequatelyNormalized>NO</adequatelyNormalized>
<expectedVolumes>0</expectedVolumes>
<fwdEngineeringStrategyName>Single Table</fwdEngineeringStrategyName>
<growthPercent>0</growthPercent>
<growthType>Year</growthType>
<maxVolumes>9999999</maxVolumes>
<minVolumes>0</minVolumes>
<normalForm>Third</normalForm>
<attributes itemClass="oracle.dbtools.crest.model.design.logical.Attribute">
<Attribute name="id_sinal" id="5246A30E-C9F3-F1B7-0C9F-69D561811752">
<createdBy>Gabriel</createdBy>
<createdTime>2023-11-17 01:38:34 UTC</createdTime>
<ownerDesignName>modelo_logico_gs</ownerDesignName>
<engineerTo>
<item key="30ED6CE5-D0BD-509F-35A2-82CEAB72FE35" value="true"/>
</engineerTo>
<useDomainConstraints>false</useDomainConstraints>
<use>1</use>
<logicalDatatype>LOGDT011</logicalDatatype>
<ownDataTypeParameters>,,</ownDataTypeParameters>
</Attribute>
<Attribute name="nome" id="DF17ECB3-6C06-7E42-CE73-9CC8BE7ECFDF">
<createdBy>Gabriel</createdBy>
<createdTime>2023-11-17 01:50:35 UTC</createdTime>
<ownerDesignName>modelo_logico_gs</ownerDesignName>
<engineerTo>
<item key="30ED6CE5-D0BD-509F-35A2-82CEAB72FE35" value="true"/>
</engineerTo>
<useDomainConstraints>false</useDomainConstraints>
<use>1</use>
<logicalDatatype>LOGDT024</logicalDatatype>
<dataTypeSize>50 CHAR</dataTypeSize>
<ownDataTypeParameters>50 CHAR,,</ownDataTypeParameters>
</Attribute>
<Attribute name="descricao" id="7D14FA5F-BAF8-9837-1D03-4E371BF62D50">
<createdBy>Gabriel</createdBy>
<createdTime>2023-11-17 01:50:56 UTC</createdTime>
<ownerDesignName>modelo_logico_gs</ownerDesignName>
<engineerTo>
<item key="30ED6CE5-D0BD-509F-35A2-82CEAB72FE35" value="true"/>
</engineerTo>
<nullsAllowed>true</nullsAllowed>
<useDomainConstraints>false</useDomainConstraints>
<use>1</use>
<logicalDatatype>LOGDT024</logicalDatatype>
<dataTypeSize>200 CHAR</dataTypeSize>
<ownDataTypeParameters>200 CHAR,,</ownDataTypeParameters>
</Attribute>
</attributes>
<identifiers itemClass="oracle.dbtools.crest.model.design.logical.CandidateKey">
<identifier id="E87D3316-57C9-41EB-CCB1-5EB7AD992D3B" name="Sinal_apresentado PK">
<createdBy>Gabriel</createdBy>
<createdTime>2023-11-17 01:38:52 UTC</createdTime>
<ownerDesignName>modelo_logico_gs</ownerDesignName>
<shouldEngineer>false</shouldEngineer>
<engineerTo>
<item key="30ED6CE5-D0BD-509F-35A2-82CEAB72FE35" value="false"/>
</engineerTo>
<pk>true</pk>
<usedAttributes>
<attributeRef>5246A30E-C9F3-F1B7-0C9F-69D561811752</attributeRef>
</usedAttributes>
</identifier>
</identifiers>
</Entity>
