<?xml version = '1.0' encoding = 'UTF-8'?>
<Entity class="oracle.dbtools.crest.model.design.logical.Entity" directorySegmentName="seg_0" id="9D108C21-BBB0-86E7-1E23-04F03F022D62" name="Gravidade">
<createdBy>Gabriel</createdBy>
<createdTime>2023-11-17 01:08:12 UTC</createdTime>
<ownerDesignName>modelo_logico_gs</ownerDesignName>
<engineerTo>
<item key="30ED6CE5-D0BD-509F-35A2-82CEAB72FE35" value="true"/>
</engineerTo>
<adequatelyNormalized>NO</adequatelyNormalized>
<expectedVolumes>0</expectedVolumes>
<fwdEngineeringStrategyName>Single Table</fwdEngineeringStrategyName>
<growthPercent>0</growthPercent>
<growthType>Year</growthType>
<maxVolumes>9999999</maxVolumes>
<minVolumes>0</minVolumes>
<normalForm>Third</normalForm>
<attributes itemClass="oracle.dbtools.crest.model.design.logical.Attribute">
<Attribute name="id_gravidade" id="A844091F-4B57-2165-2460-0EB39FAF829C">
<createdBy>Gabriel</createdBy>
<createdTime>2023-11-17 01:41:28 UTC</createdTime>
<ownerDesignName>modelo_logico_gs</ownerDesignName>
<engineerTo>
<item key="30ED6CE5-D0BD-509F-35A2-82CEAB72FE35" value="true"/>
</engineerTo>
<useDomainConstraints>false</useDomainConstraints>
<use>1</use>
<logicalDatatype>LOGDT011</logicalDatatype>
<ownDataTypeParameters>,,</ownDataTypeParameters>
</Attribute>
<Attribute name="nome_gravidade" id="4A87BFAF-3971-C76F-8643-6444E3F2536D">
<createdBy>augus</createdBy>
<createdTime>2023-11-17 05:23:14 UTC</createdTime>
<ownerDesignName>modelo_logico_gs</ownerDesignName>
<engineerTo>
<item key="30ED6CE5-D0BD-509F-35A2-82CEAB72FE35" value="true"/>
</engineerTo>
<useDomainConstraints>false</useDomainConstraints>
<use>1</use>
<logicalDatatype>LOGDT024</logicalDatatype>
<dataTypeSize>20</dataTypeSize>
<ownDataTypeParameters>20,,</ownDataTypeParameters>
</Attribute>
<Attribute name="nome_cor" id="66358259-CB86-8E79-80AF-93823128B8FF">
<createdBy>Gabriel</createdBy>
<createdTime>2023-11-17 01:41:37 UTC</createdTime>
<ownerDesignName>modelo_logico_gs</ownerDesignName>
<engineerTo>
<item key="30ED6CE5-D0BD-509F-35A2-82CEAB72FE35" value="true"/>
</engineerTo>
<useDomainConstraints>false</useDomainConstraints>
<use>1</use>
<logicalDatatype>LOGDT024</logicalDatatype>
<dataTypeSize>20 CHAR</dataTypeSize>
<ownDataTypeParameters>20 CHAR,,</ownDataTypeParameters>
</Attribute>
<Attribute name="hexadecimal_cor" id="FD988D72-500C-598D-5162-32E303C54D79">
<createdBy>Gabriel</createdBy>
<createdTime>2023-11-17 01:41:59 UTC</createdTime>
<ownerDesignName>modelo_logico_gs</ownerDesignName>
<engineerTo>
<item key="30ED6CE5-D0BD-509F-35A2-82CEAB72FE35" value="true"/>
</engineerTo>
<nullsAllowed>true</nullsAllowed>
<useDomainConstraints>false</useDomainConstraints>
<use>1</use>
<logicalDatatype>LOGDT024</logicalDatatype>
<dataTypeSize>6 CHAR</dataTypeSize>
<ownDataTypeParameters>6 CHAR,,</ownDataTypeParameters>
</Attribute>
</attributes>
<identifiers itemClass="oracle.dbtools.crest.model.design.logical.CandidateKey">
<identifier id="6F889D0C-70ED-CAC6-5D10-29ADCADD8193" name="Cores PK">
<createdBy>Gabriel</createdBy>
<createdTime>2023-11-17 01:41:36 UTC</createdTime>
<ownerDesignName>modelo_logico_gs</ownerDesignName>
<shouldEngineer>false</shouldEngineer>
<engineerTo>
<item key="30ED6CE5-D0BD-509F-35A2-82CEAB72FE35" value="false"/>
</engineerTo>
<pk>true</pk>
<usedAttributes>
<attributeRef>A844091F-4B57-2165-2460-0EB39FAF829C</attributeRef>
</usedAttributes>
</identifier>
</identifiers>
</Entity>
