<?xml version = '1.0' encoding = 'UTF-8'?>
<relationalModel class="oracle.dbtools.crest.model.design.relational.RelationalDesign" name="Relational_1" id="30ED6CE5-D0BD-509F-35A2-82CEAB72FE35" mainViewID="47B73C45-6AA9-20AC-54F9-203CA021F231">
<createdBy>Gabriel</createdBy>
<createdTime>2023-11-17 00:37:37 UTC</createdTime>
<ownerDesignName>modelo_logico_gs</ownerDesignName>
<shouldBeOpen>false</shouldBeOpen>
<selectedRDBMSSite>32076570-2523-435C-2E92-BF29817DFF70</selectedRDBMSSite>
</relationalModel>