<?xml version = '1.0' encoding = 'UTF-8'?>
<Relation class="oracle.dbtools.crest.model.design.logical.Relation" name="Relation_16" directorySegmentName="seg_0" id="6E4DE19E-C7D3-89AC-4DBC-23753F7130B3">
<createdBy>Gabriel</createdBy>
<createdTime>2023-11-17 01:57:35 UTC</createdTime>
<ownerDesignName>modelo_logico_gs</ownerDesignName>
<engineerTo>
<item key="30ED6CE5-D0BD-509F-35A2-82CEAB72FE35" value="true"/>
</engineerTo>
<sourcePk>E9D18414-9E6C-9A2C-EDDA-7137CFDE285A</sourcePk>
<identifying>false</identifying>
<optionalSource>true</optionalSource>
<optionalTarget>false</optionalTarget>
<sourceCardinality>1</sourceCardinality>
<sourceEntity>3F889EE7-D794-5EE1-9120-E4FA786F567C</sourceEntity>
<targetCardinalityString>*</targetCardinalityString>
<targetEntity>5771980A-E939-1F81-286B-987C0F20F6CE</targetEntity>
<transferable>true</transferable>
<deleteRule>NO ACTION</deleteRule>
</Relation>
